Year,Brand,Superbowl Ads Link,Youtube Link,Funny,Shows Product Quickly,Patriotic,Celebrity,Danger,Animals,Length,Estimated Cost,Youtube Views,Youtube Likes,TV Viewers
2010,Hyundai,https://superbowl-ads.com/hd-2010-super-bowl-commercial-new-hyundai-super-bowl-44-xliv-ad-hyundai-body-pass-2011-sonata/,https://www.youtube.com/watch?v=dWQqIeAYfK8,FALSE,TRUE,TRUE,FALSE,FALSE,FALSE,30,2.95,68652,48,106.48
2010,Bud Light,https://superbowl-ads.com/hd-exclusive-bud-light-scientist-2010-superbowl-44-xliv-commercial-ad/,https://www.youtube.com/watch?v=agISXMN4tng,TRUE,FALSE,FALSE,FALSE,TRUE,FALSE,30,2.95,3851,10,106.48
2010,Bud Light,https://superbowl-ads.com/hd-exclusive-stranded-budweiser-2010-super-bowl-44-xliv-commercial-ad/,https://www.youtube.com/watch?v=zE7wyUmsM0k,TRUE,FALSE,FALSE,FALSE,FALSE,FALSE,45,4.42,86083,125,106.48
2010,E-Trade,https://superbowl-ads.com/hd-exclusive-e-trade-baby-tears-2010-superbowl-44-xliv-commercial-ad/,https://www.youtube.com/watch?v=LgiYL1Ry2I8,TRUE,TRUE,FALSE,FALSE,FALSE,FALSE,15,1.47,14997,20,106.48
2010,Doritos,https://superbowl-ads.com/hd-exclusive-doritos-samurai-2010-super-bowl-44-xliv-commercial-ad/,https://www.youtube.com/watch?v=1ww1k7w4WQ8,TRUE,TRUE,FALSE,FALSE,TRUE,FALSE,30,2.95,227092,1200,106.48
2010,Doritos,https://superbowl-ads.com/hd-exclusive-casket-funeral-doritos-2010-super-bowl-44-xliv-commercial-ad/,https://www.youtube.com/watch?v=2IhJl7mBtls,TRUE,TRUE,FALSE,FALSE,FALSE,FALSE,30,2.95,11654,23,106.48
2010,NFL,https://superbowl-ads.com/2010-nfl-best-fans-on-the-planet/,https://www.youtube.com/watch?v=6cMHr8goUgU,FALSE,FALSE,TRUE,FALSE,FALSE,FALSE,60,5.9,93263,435,106.48
2010,Doritos,https://superbowl-ads.com/hd-exclusive-dog-shock-collar-doritos-commercial-super-bowl-44-2010-super-bowl-xliv/,https://www.youtube.com/watch?v=UBaZDWIs3fs,TRUE,TRUE,FALSE,FALSE,TRUE,TRUE,30,2.95,132805,279,106.48
2010,Hyundai,https://superbowl-ads.com/hd-exclusive-2010-super-bowl-xliv-commercial-with-brett-favre-hyundai-commercial/,https://www.youtube.com/watch?v=KqAWv2wCW8I,FALSE,FALSE,FALSE,TRUE,FALSE,FALSE,30,2.95,176958,307,106.48
2010,Bud Light,https://superbowl-ads.com/hd-exclusive-bud-light-auto-tune-t-pain-2010-superbowl-44-xliv-commercial-ad/,https://www.youtube.com/watch?v=bDhjcP02GQg,TRUE,TRUE,FALSE,TRUE,FALSE,FALSE,30,2.95,35522,113,106.48
2010,Kia,https://superbowl-ads.com/hd-exclusive-kias-big-game-commercial-2010-super-bowl-44-xliv-ad/,https://www.youtube.com/watch?v=7q2yVq6fDEg,TRUE,TRUE,FALSE,FALSE,FALSE,TRUE,60,5.9,51291,96,106.48
2010,E-Trade,https://superbowl-ads.com/hd-exclusive-e-trade-baby-girlfriend-2010-superbowl-44-xliv-commercial-ad/,https://www.youtube.com/watch?v=tbLTl7egwlU,TRUE,TRUE,FALSE,FALSE,FALSE,FALSE,30,2.95,1048750,1200,106.48
2010,E-Trade,https://superbowl-ads.com/hd-exclusive-e-trade-baby-first-class-2010-super-bowl-44-xliv-commercial-ad/,https://www.youtube.com/watch?v=tVrE5-eiSNA,TRUE,FALSE,FALSE,FALSE,FALSE,FALSE,30,2.95,26366,33,106.48
2010,Budweiser,https://superbowl-ads.com/hd-exclusive-budweiser-body-bridge-2010-super-bowl-44-xliv-commercial-ad/,https://www.youtube.com/watch?v=IQHlA9qKJv4,TRUE,TRUE,TRUE,FALSE,FALSE,TRUE,60,5.9,51,1,106.48
2011,Kia,https://superbowl-ads.com/2011-kia-optima-one-epic-ride-super-bowl-xlv-commercial/,https://www.youtube.com/watch?v=8FMU5yPZgwM,TRUE,TRUE,FALSE,FALSE,TRUE,FALSE,60,5.9,37554,204,111.01
2011,Coca-Cola,https://superbowl-ads.com/2011-coca-cola-border/,https://www.youtube.com/watch?v=Aw6-aXMBseo,FALSE,FALSE,FALSE,FALSE,FALSE,FALSE,60,5.9,114587,263,111.01
2011,Bud Light,https://superbowl-ads.com/2011-bud-light-dog-sitter/,https://www.youtube.com/watch?v=JJn1vM7LB1Y,TRUE,TRUE,FALSE,FALSE,FALSE,TRUE,30,2.95,484,2,111.01
2011,Coca-Cola,https://superbowl-ads.com/2011-coca-cola-siege/,https://www.youtube.com/watch?v=nAJvHsVoLq0,TRUE,FALSE,FALSE,FALSE,TRUE,TRUE,60,5.9,88026,59,111.01
2011,Hyundai,https://superbowl-ads.com/2011-hyundai-super-bowl-commercial-hypnotized-video/,https://www.youtube.com/watch?v=5ofcQl6gWeE,TRUE,FALSE,FALSE,FALSE,FALSE,FALSE,30,2.95,345,0,111.01
2011,Doritos,https://superbowl-ads.com/2011-doritos-pug-attack/,https://www.youtube.com/watch?v=1A6frF5zfDE,TRUE,TRUE,FALSE,FALSE,TRUE,TRUE,30,2.95,137670,697,111.01
2011,Hyundai,https://superbowl-ads.com/2011-hyundai-super-bowl-commercial-deprogramming-video/,https://www.youtube.com/watch?v=32d5c_IW2Xc,FALSE,FALSE,FALSE,FALSE,FALSE,TRUE,60,5.9,135,1,111.01
2011,Hyundai,https://superbowl-ads.com/2011-hyundai-super-bowl-commercial-anachronistic-city-video/,https://www.youtube.com/watch?v=-BVMOKtawUk,FALSE,FALSE,FALSE,FALSE,FALSE,FALSE,30,2.95,63,0,111.01
2011,Pepsi,https://superbowl-ads.com/2011-pepsi-max-love-hurts/,https://www.youtube.com/watch?v=r4eyQBvcBUA,TRUE,TRUE,FALSE,FALSE,TRUE,FALSE,30,2.95,272017,635,111.01
2012,E-Trade,https://superbowl-ads.com/2012-etrade-fatherhood/,https://www.youtube.com/watch?v=fObt1E6Ij_E,TRUE,FALSE,FALSE,FALSE,FALSE,FALSE,30,2.95,27,0,111.35
2012,Bud Light,https://superbowl-ads.com/2012-bud-light-rescue-dog/,https://www.youtube.com/watch?v=Qr3GJqccGi4,TRUE,TRUE,FALSE,FALSE,FALSE,TRUE,60,5.9,14758,44,111.35
2012,Hyundai,https://superbowl-ads.com/2012-hyundai-genesis-heart/,https://www.youtube.com/watch?v=UxQKSCpOIOI,TRUE,TRUE,FALSE,FALSE,TRUE,FALSE,30,2.95,1349,2,111.35
2012,Pepsi,https://superbowl-ads.com/2012-pepsi-kings-court/,https://www.youtube.com/watch?v=3rZs8ZKTsp0,FALSE,TRUE,FALSE,TRUE,FALSE,FALSE,60,5.9,583919,1500,111.35
2012,Doritos,https://superbowl-ads.com/2012-doritos-mans-best-friend/,https://www.youtube.com/watch?v=kMmd0WaQFGE,TRUE,FALSE,FALSE,FALSE,TRUE,TRUE,30,2.95,94029,160,111.35
2012,Toyota,https://superbowl-ads.com/2012-toyota-camry-its-reinvented/,https://www.youtube.com/watch?v=oYdJKey7VpU,TRUE,TRUE,FALSE,FALSE,TRUE,TRUE,60,5.9,119464,1100,111.35
2012,Coca-Cola,https://superbowl-ads.com/2012-coca-cola-arghh-ny-bear/,https://www.youtube.com/watch?v=jhvAXT9R_3U,FALSE,TRUE,FALSE,FALSE,FALSE,TRUE,30,2.95,18917,86,111.35
2012,Kia,https://superbowl-ads.com/2012-kia-optima-drive-the-dream-extended-version/,https://www.youtube.com/watch?v=9RI6OGXq11Y,TRUE,FALSE,FALSE,TRUE,FALSE,FALSE,90,8.85,63715,502,111.35
2012,NFL,https://superbowl-ads.com/2012-nfl-timeline/,https://www.youtube.com/watch?v=CPr4-P19NtE,FALSE,TRUE,FALSE,TRUE,FALSE,FALSE,60,5.9,407385,2000,111.35
2012,Coca-Cola,https://superbowl-ads.com/2012-coca-cola-superstition/,https://www.youtube.com/watch?v=x1nttVdja9s,FALSE,TRUE,FALSE,FALSE,FALSE,TRUE,30,2.95,11987,76,111.35
2012,Budweiser,https://superbowl-ads.com/2012-budweiser-return-of-the-king/,https://www.youtube.com/watch?v=TieDNumMwOc,FALSE,TRUE,TRUE,FALSE,FALSE,TRUE,60,5.9,27,0,111.35
2012,Coca-Cola,https://superbowl-ads.com/2012-coca-cola-catch-ne-bear/,https://www.youtube.com/watch?v=S2nBBMbjS8w,FALSE,TRUE,FALSE,FALSE,TRUE,TRUE,60,5.9,23976557,100000,111.35
2012,Bud Light,https://superbowl-ads.com/2012-bud-light-platinum-factory/,https://www.youtube.com/watch?v=3LPLXuHlOCI,FALSE,TRUE,FALSE,FALSE,FALSE,FALSE,30,2.95,22628,48,111.35
2012,Doritos,https://superbowl-ads.com/2012-doritos-sling-baby/,https://www.youtube.com/watch?v=6SWNLDdnz0A,TRUE,TRUE,FALSE,FALSE,FALSE,FALSE,30,2.95,181423810,295000,111.35
2012,Budweiser,https://superbowl-ads.com/2012-budweiser-eternal-optimism/,https://www.youtube.com/watch?v=_GeiOdHsW_8,FALSE,TRUE,TRUE,FALSE,FALSE,TRUE,60,5.9,222839,587,111.35
2013,Hyundai,https://superbowl-ads.com/video-2013-hyundai-sonata-turbo-super-bowl-xlvii-stuck/,https://www.youtube.com/watch?v=WTf0XGpINJI,TRUE,TRUE,FALSE,FALSE,TRUE,TRUE,30,2.95,4661,21,108.69
2013,Hyundai,https://superbowl-ads.com/video-hyundai-2013-super-bowl-xlvii-ad-epic-playdate/,https://www.youtube.com/watch?v=YyKVvAZSAug,FALSE,FALSE,FALSE,FALSE,FALSE,TRUE,90,8.85,3740,7,108.69
2013,Doritos,https://superbowl-ads.com/video-doritos-2013-super-bowl-xlvii-commercial-goat-for-sale/,https://www.youtube.com/watch?v=DoM6IhfY8No,TRUE,TRUE,FALSE,FALSE,FALSE,TRUE,30,2.95,617972,2800,108.69
2013,Budweiser,https://superbowl-ads.com/video-budweiser-black-crown-2013-super-bowl-xlvii-ad-coronation/,https://www.youtube.com/watch?v=AMP9fgyi41M,FALSE,TRUE,FALSE,FALSE,FALSE,FALSE,30,2.95,1341,5,108.69
2013,Hyundai,https://superbowl-ads.com/video-hyundai-2013-super-bowl-xlvii-ad-santafe-team/,https://www.youtube.com/watch?v=jvm68nEAU7o,TRUE,TRUE,FALSE,FALSE,TRUE,TRUE,45,4.425,117293,1000,108.69
2013,Bud Light,https://superbowl-ads.com/video-bud-light-2013-super-bowl-xlvii-commercial-lucky-chair/,https://www.youtube.com/watch?v=7HMTkEMdqBQ,TRUE,TRUE,TRUE,TRUE,TRUE,TRUE,60,5.9,653,,108.69
2013,Bud Light,https://superbowl-ads.com/video-bud-light-2013-super-bowl-xlvii-ad-journey/,https://www.youtube.com/watch?v=leptS7k6sLE,TRUE,TRUE,FALSE,TRUE,FALSE,FALSE,60,5.9,405,1,108.69
2013,E-Trade,https://superbowl-ads.com/video-etrade-baby-2013-super-bowl-xlvii-commercial-save-it/,https://www.youtube.com/watch?v=F0nhq4GO90s,TRUE,TRUE,FALSE,FALSE,FALSE,TRUE,30,2.95,154,1,108.69
2013,Doritos,https://superbowl-ads.com/video-doritos-2013-super-bowl-xlvii-ad-fashionista-daddy/,https://www.youtube.com/watch?v=w_2k5LMeduc,TRUE,TRUE,FALSE,FALSE,FALSE,FALSE,30,2.95,1427496,2600,108.69
2013,Kia,https://superbowl-ads.com/video-2013-kia-super-bowl-xlvii-commercial-space-babies/,https://www.youtube.com/watch?v=k5vbGQb7jR0,TRUE,FALSE,FALSE,FALSE,FALSE,TRUE,60,5.9,10954,42,108.69
2013,Budweiser,https://superbowl-ads.com/video-budweiser-black-crown-2013-super-bowl-xlvii-ad-celebration/,https://www.youtube.com/watch?v=2WNvlXoDs7w,FALSE,TRUE,FALSE,FALSE,FALSE,FALSE,30,2.95,267,1,108.69
2013,Kia,https://superbowl-ads.com/video-kia-forte-2013-super-bowl-xlvii-commercial-hot-bots/,https://www.youtube.com/watch?v=yhPBzlB6VJI,TRUE,TRUE,FALSE,FALSE,TRUE,FALSE,30,2.95,32374,195,108.69
2013,Budweiser,https://superbowl-ads.com/video-budweiser-2013-super-bowl-xlvii-ad-the-clydesdales-brotherhood/,https://www.youtube.com/watch?v=eJucRz8kYo0,FALSE,TRUE,FALSE,FALSE,FALSE,TRUE,75,7.37,218480,2800,108.69
2013,Pepsi,https://superbowl-ads.com/video-2013-pepsi-next-super-bowl-xlvii-commercial-party/,https://www.youtube.com/watch?v=WAySopBmbtI,TRUE,FALSE,FALSE,FALSE,FALSE,FALSE,45,4.42,1025,2,108.69
2013,Hyundai,https://superbowl-ads.com/video-2013-hyundai-genesis-super-bowl-xlvii-commercial/,https://www.youtube.com/watch?v=mOatp4Xi7IU,FALSE,TRUE,FALSE,FALSE,FALSE,FALSE,30,2.95,1540,6,108.69
2014,Coca-Cola,https://superbowl-ads.com/2014-coca-going-all-the-way/,https://www.youtube.com/watch?v=nO-8ZY7p95o,TRUE,FALSE,FALSE,FALSE,FALSE,FALSE,60,5.9,4120,16,112.19
2014,Doritos,https://superbowl-ads.com/2014-doritos-cowboy-kid/,https://www.youtube.com/watch?v=1X_M47SQF6s,TRUE,TRUE,FALSE,FALSE,TRUE,TRUE,30,2.95,12153,40,112.19
2014,Budweiser,https://superbowl-ads.com/2014-budweiser-a-heros-welcome/,https://www.youtube.com/watch?v=XxfxB0O9Uuk,FALSE,FALSE,TRUE,FALSE,FALSE,TRUE,60,5.9,14050,,112.19
2014,Bud Light,https://superbowl-ads.com/2014-bud-light-up-for-whatever-2/,https://www.youtube.com/watch?v=PnOW5qj_R6A,FALSE,TRUE,FALSE,TRUE,FALSE,TRUE,60,5.9,143981,482,112.19
2014,Bud Light,https://superbowl-ads.com/2014-bud-light-up-for-whatever-1/,,TRUE,TRUE,FALSE,TRUE,FALSE,FALSE,30,2.95,,,112.19
2014,Toyota,https://superbowl-ads.com/2014-toyota-highlander-no-room-for-boring/,https://www.youtube.com/watch?v=b01P9PaaoLk,TRUE,TRUE,FALSE,TRUE,FALSE,TRUE,30,2.95,32466,187,112.19
2014,Kia,https://superbowl-ads.com/2014-kia-the-truth/,https://www.youtube.com/watch?v=FTNMYoKHwvU,FALSE,FALSE,FALSE,TRUE,TRUE,FALSE,90,8.85,32467,537,112.19
2014,Hyundai,https://superbowl-ads.com/2014-hyundai-elantra-nice/,https://www.youtube.com/watch?v=2jMWybAKjWw,TRUE,TRUE,FALSE,TRUE,TRUE,FALSE,30,2.95,2474,28,112.19
2014,Doritos,https://superbowl-ads.com/2014-doritos-time-machine/,https://www.youtube.com/watch?v=Y-P0Hs0ADJY,TRUE,TRUE,FALSE,FALSE,FALSE,TRUE,30,2.95,8087637,19000,112.19
2014,Coca-Cola,https://superbowl-ads.com/2014-coca-cola-its-beautiful/,https://www.youtube.com/watch?v=D4BC8zUfNhU,FALSE,TRUE,TRUE,FALSE,FALSE,TRUE,60,5.9,95865,452,112.19
2014,Hyundai,https://superbowl-ads.com/2014-hyundai-genesis-dads-sixth-sense/,https://www.youtube.com/watch?v=CyK63f0I1P0,TRUE,FALSE,FALSE,FALSE,TRUE,FALSE,30,2.95,35566,218,112.19
2014,Bud Light,https://superbowl-ads.com/2014-bud-light-cool-twist/,https://www.youtube.com/watch?v=_l1nWWiut0I,FALSE,TRUE,FALSE,FALSE,FALSE,FALSE,30,2.95,10150,36,112.19
2014,Budweiser,https://superbowl-ads.com/2014-budweiser-puppy-love/,https://www.youtube.com/watch?v=gUGGepL5gGU,FALSE,FALSE,TRUE,FALSE,FALSE,TRUE,60,5.9,81650,8028.916667,232
2014,NFL,https://superbowl-ads.com/nfl-now/,,FALSE,TRUE,FALSE,FALSE,FALSE,FALSE,10,0.98,,,112.19
2015,Doritos,https://superbowl-ads.com/2015-doritos-middle-seat/,https://www.youtube.com/watch?v=2JqRXLQYF9o,TRUE,FALSE,FALSE,FALSE,FALSE,FALSE,30,4.25,2335970,2800,114.44
2015,Budweiser,https://superbowl-ads.com/2015-budweiser-clydesdale-beer-run/,https://www.youtube.com/watch?v=5tso0er4EUI,TRUE,TRUE,FALSE,FALSE,TRUE,TRUE,30,4.25,8194,15,114.44
2015,Budweiser,https://superbowl-ads.com/budweiser-2015-super-bowl-xlix-ad-brewed-the-hard-way/,https://www.youtube.com/watch?v=7_EfXuGev24,FALSE,TRUE,TRUE,FALSE,FALSE,TRUE,60,8.5,,,114.44
2015,Doritos,https://superbowl-ads.com/doritos-2015-super-bowl-xlix-ad-when-pigs-fly/,https://www.youtube.com/watch?v=YQo0TfuueaY,TRUE,TRUE,TRUE,FALSE,FALSE,TRUE,30,4.25,1292999,2100,114.44
2015,Kia,https://superbowl-ads.com/2015-kia-sorento-the-perfect-getaway-with-pierce-brosnan/,https://www.youtube.com/watch?v=nayeYTmEdYw,TRUE,TRUE,FALSE,TRUE,TRUE,TRUE,75,10.62,81479,75,114.44
2015,Doritos,https://superbowl-ads.com/2015-doritos-cheesy-pirates/,,TRUE,FALSE,FALSE,FALSE,TRUE,FALSE,30,4.25,,,114.44
2015,Pepsi,https://superbowl-ads.com/pepsi-2015-super-bowl-xlix-ad-halftime-touches-down/,https://www.youtube.com/watch?v=IUU_ygKs3jA,FALSE,TRUE,FALSE,FALSE,FALSE,TRUE,30,4.25,1030,3,114.44
2015,Budweiser,https://superbowl-ads.com/2015-budweiser-lost-dog/,https://www.youtube.com/watch?v=otCxSnu_HXA,FALSE,TRUE,TRUE,FALSE,TRUE,TRUE,60,8.5,502254,2400,114.44
2015,Coca-Cola,https://superbowl-ads.com/2015-coca-cola-make-it-happy/,https://www.youtube.com/watch?v=1AeG8tCzTGw,FALSE,FALSE,FALSE,FALSE,FALSE,FALSE,60,8.5,57345,412,114.44
2015,Toyota,https://superbowl-ads.com/toyota-camry-2015-super-bowl-xlix-ad-my-bold-dad/,https://www.youtube.com/watch?v=9u4--TxE2gI,FALSE,TRUE,TRUE,FALSE,FALSE,FALSE,60,8.5,35407,292,114.44
2016,Hyundai,https://superbowl-ads.com/hyundai-2016-super-bowl-50-ad-chase/,https://www.youtube.com/watch?v=r_kXSO9Cph0,TRUE,FALSE,FALSE,FALSE,TRUE,TRUE,30,4.8,5350,42,111.86
2016,Pepsi,https://superbowl-ads.com/pepsi-2016-super-bowl-50-ad-joy-pepsi/,https://www.youtube.com/watch?v=B9j4Cw5dkBs,FALSE,FALSE,FALSE,TRUE,FALSE,FALSE,30,4.8,3310,19,111.86
2016,Hyundai,https://superbowl-ads.com/hyundai-2016-super-bowl-50-ad-ryanville/,https://www.youtube.com/watch?v=wBcijELzZi4,TRUE,TRUE,FALSE,TRUE,FALSE,TRUE,45,7.2,12534,112,111.86
2016,Coca-Cola,https://superbowl-ads.com/coca-cola-mini-2016-super-bowl-50-ad-hulk-vs-ant-man/,https://www.youtube.com/watch?v=sMkGwCw7iv8,TRUE,TRUE,FALSE,TRUE,TRUE,FALSE,60,9.6,12683366,199000,111.86
2016,Hyundai,https://superbowl-ads.com/hyundai-2016-super-bowl-50-ad-first-date/,https://www.youtube.com/watch?v=KwUUdl22mkA,TRUE,FALSE,FALSE,TRUE,FALSE,FALSE,60,9.6,215942,1900,111.86
2016,Budweiser,https://superbowl-ads.com/budweiser-2016-super-bowl-50-ad-simply-put/,https://www.youtube.com/watch?v=Le_2S2db0Bk,FALSE,TRUE,FALSE,TRUE,FALSE,FALSE,60,9.6,150,0,111.86
2016,Kia,https://superbowl-ads.com/kia-optima-2016-super-bowl-50-ad-walken-closet/,https://www.youtube.com/watch?v=rBkPXt-OpA4,TRUE,FALSE,FALSE,TRUE,FALSE,FALSE,75,12,18064,115,111.86
2016,NFL,https://superbowl-ads.com/nfl-2016-super-bowl-50-ad-super-bowl-babies-choir/,https://www.youtube.com/watch?v=9KqekigARfE,FALSE,FALSE,TRUE,TRUE,FALSE,FALSE,180,28.8,4936065,20000,111.86
2016,Bud Light,https://superbowl-ads.com/bud-light-2016-super-bowl-50-ad-the-bud-light-party/,https://www.youtube.com/watch?v=e0ez2t6oRWY,TRUE,TRUE,TRUE,TRUE,FALSE,TRUE,60,9.6,913,,111.86
2016,Doritos,https://superbowl-ads.com/doritos-2016-super-bowl-50-ad-ultrasound/,https://www.youtube.com/watch?v=Qh_gOK6xDNA,TRUE,TRUE,FALSE,FALSE,FALSE,FALSE,30,4.8,1232402,8700,111.86
2016,Toyota,https://superbowl-ads.com/pokemon-2016-super-bowl-50-ad-20-years-2/,https://www.youtube.com/watch?v=EluvJby2baA,TRUE,FALSE,FALSE,FALSE,TRUE,FALSE,90,14.4,238335,1500,111.86
2016,Budweiser,https://superbowl-ads.com/budweiser-2016-super-bowl-50-ad-not-backing/,https://www.youtube.com/watch?v=to4dhysGYD0,FALSE,TRUE,TRUE,FALSE,FALSE,TRUE,30,4.8,7256,,111.86
2016,Doritos,https://superbowl-ads.com/doritos-2016-super-bowl-50-ad-doritos-dogs/,https://www.youtube.com/watch?v=MNRAdrB9TSs,TRUE,TRUE,FALSE,FALSE,FALSE,TRUE,30,4.8,1537184,3500,111.86
2017,NFL,https://superbowl-ads.com/2017-nfl-super-bowl-51-li-tv-commercial-super-bowl-baby-legends/,https://www.youtube.com/watch?v=sryly7XTqLY,FALSE,TRUE,FALSE,FALSE,FALSE,FALSE,30,5.4,30469,98,111.32
2017,NFL,https://superbowl-ads.com/2017-nfl-super-bowl-51-li-tv-commercial-inside-lines/,https://www.youtube.com/watch?v=pvKBdrx4quA,FALSE,TRUE,TRUE,TRUE,FALSE,FALSE,60,10.8,314261,2200,111.32
2017,Kia,https://superbowl-ads.com/2017-kia-super-bowl-51-li-tv-commercial-heros-journey-starring-melissa-mccarthy/,https://www.youtube.com/watch?v=pVxmT2x3Od4,TRUE,FALSE,FALSE,TRUE,TRUE,TRUE,75,13.5,145269,1400,111.32
2017,Budweiser,https://superbowl-ads.com/2017-budweiser-super-bowl-51-li-tv-commercial-born-hard-way/,https://www.youtube.com/watch?v=HtBZvl7dIu4,FALSE,FALSE,TRUE,FALSE,TRUE,FALSE,60,10.8,28795017,48000,111.32
2017,Hyundai,https://superbowl-ads.com/2017-hyundai-super-bowl-51-li-tv-commercial-better-super-bowl/,https://www.youtube.com/watch?v=C0TTKmW3PTY,FALSE,FALSE,TRUE,FALSE,FALSE,FALSE,90,16.2,19349,176,111.32
2018,Toyota,https://superbowl-ads.com/good-odds-toyota/,https://www.youtube.com/watch?v=zeBZvwYQ-hA,FALSE,FALSE,FALSE,FALSE,FALSE,FALSE,60,10.48,184299,1300,103.39
2018,Hyundai,https://superbowl-ads.com/hope-detector-nfl-super-bowl-lii-hyundai/,https://www.youtube.com/watch?v=lNPccrGk77A,FALSE,TRUE,FALSE,FALSE,FALSE,FALSE,60,10.48,222,2,103.39
2018,Doritos,https://superbowl-ads.com/2018-doritos-blaze-vs-mtn-dew-ice/,https://www.youtube.com/watch?v=rZh_CbcVe7M,TRUE,TRUE,FALSE,TRUE,FALSE,FALSE,60,10.48,33684,527,103.39
2018,Coca-Cola,https://superbowl-ads.com/life-is-short-have-a-diet-coke-because-i-can-diet-coke/,https://www.youtube.com/watch?v=be5DH6jQs38,FALSE,TRUE,FALSE,TRUE,FALSE,FALSE,30,5.24,353,2,103.39
2018,Kia,https://superbowl-ads.com/2018-kia-stinger-steven-tyler-big-game-ad-feel-something-again/,https://www.youtube.com/watch?v=9_dE6Z2HK8I,FALSE,FALSE,FALSE,TRUE,FALSE,FALSE,60,10.48,30408,353,103.39
2018,Pepsi,https://superbowl-ads.com/2018_pepsi_this_is_the_pepsi/,https://www.youtube.com/watch?v=0gHYd67OumQ,FALSE,TRUE,TRUE,TRUE,FALSE,FALSE,60,10.48,736511,3200,103.39
2018,NFL,https://superbowl-ads.com/touchdown-celebrations-to-come-nfl-super-bowl-lii-commercial/,https://www.youtube.com/watch?v=YDfDElTyLu8&ab_channel=SuperBowlCommercials,TRUE,TRUE,FALSE,TRUE,FALSE,FALSE,60,10.48,5,0,103.39
2018,Coca-Cola,https://superbowl-ads.com/2018-coca-cola-super-bowl-ad-wonder-us/,https://www.youtube.com/watch?v=-R-EEdvDrUU,FALSE,TRUE,TRUE,FALSE,FALSE,FALSE,60,10.48,213433,805,103.39
2018,Budweiser,https://superbowl-ads.com/41891-2/,https://www.youtube.com/watch?v=GNVw5f16GEM,FALSE,FALSE,TRUE,FALSE,FALSE,FALSE,60,10.48,43500,162,103.39
2018,Bud Light,https://superbowl-ads.com/bud-light-the-bud-knight/,https://www.youtube.com/watch?v=q-QTDm1kdwo,TRUE,TRUE,FALSE,FALSE,TRUE,TRUE,60,10.48,39955,590,103.39
2018,Bud Light,https://superbowl-ads.com/bud-light-ye-olde-pep-talk/,https://www.youtube.com/watch?v=xza7T89Lda4,TRUE,TRUE,FALSE,FALSE,TRUE,TRUE,45,7.86,3346,17,103.39
2018,Coca-Cola,https://superbowl-ads.com/diet-coke-twisted-mango-groove/,https://www.youtube.com/watch?v=nkGd47iB-wU,FALSE,TRUE,FALSE,FALSE,FALSE,FALSE,30,5.24,523,4,103.39
2018,E-Trade,https://superbowl-ads.com/etrade-commercial-this-is-getting-old/,https://www.youtube.com/watch?v=Qx5-AZlfjp4,TRUE,FALSE,TRUE,FALSE,FALSE,FALSE,30,5.24,35776,185,103.39
2018,Toyota,https://superbowl-ads.com/toyota-2018-big-game-ad-one-team/,https://www.youtube.com/watch?v=QwF3ipuNyfc,TRUE,TRUE,TRUE,FALSE,FALSE,FALSE,60,10.48,360490,1400,103.39
2019,Hyundai,https://superbowl-ads.com/2019-hyundai-shopper-assurance-the-elevator-with-jason-bateman/,https://www.youtube.com/watch?v=6mfJ0EsqLWs,TRUE,FALSE,TRUE,TRUE,FALSE,FALSE,60,10.4,47309,289,98.19
2019,Doritos,https://superbowl-ads.com/2019-doritos-now-its-hot-with-chance-the-rapper-and-backstreet-boys/,https://www.youtube.com/watch?v=NvIcPAxZ39o,FALSE,TRUE,FALSE,TRUE,FALSE,FALSE,60,10.4,64914,1000,98.19
2019,Pepsi,https://superbowl-ads.com/2019-pepsi-more-than-ok/,https://www.youtube.com/watch?v=64UH1_D95gQ,TRUE,TRUE,FALSE,TRUE,FALSE,FALSE,60,10.4,99902,1000,98.19
2019,NFL,https://superbowl-ads.com/2019-nfl-nfl100/,https://www.youtube.com/watch?v=sl8ooTIMk2w,TRUE,TRUE,FALSE,TRUE,FALSE,FALSE,120,20.8,82052,712,98.19
2019,Pepsi,https://superbowl-ads.com/2019-pepsi-bubly-buble/,https://www.youtube.com/watch?v=I-_Uh-vZXgo,TRUE,TRUE,FALSE,TRUE,FALSE,FALSE,30,5.2,176868,1400,98.19
2019,Bud Light,https://superbowl-ads.com/2019-bud-light-medieval-barbers/,https://www.youtube.com/watch?v=hkSQ2Vr41bM,TRUE,TRUE,FALSE,FALSE,FALSE,FALSE,15,2.6,37292,67,98.19
2019,Toyota,https://superbowl-ads.com/2019-toyota-supra-wizard/,https://www.youtube.com/watch?v=ZuBbnZ3UbJw,FALSE,TRUE,FALSE,FALSE,FALSE,FALSE,60,10.4,,,98.19
2019,Toyota,https://superbowl-ads.com/2019-toyota-toni-with-antoinette-harris/,https://www.youtube.com/watch?v=wegrVsP3gK4,FALSE,TRUE,FALSE,FALSE,FALSE,FALSE,60,10.4,6057,39,98.19
2019,Budweiser,https://superbowl-ads.com/2019-budweiser-wind-never-felt-better/,,FALSE,FALSE,FALSE,FALSE,FALSE,TRUE,60,10.4,,,98.19
2019,Coca-Cola,https://superbowl-ads.com/2019-coca-cola-a-coke-is-a-coke/,https://www.youtube.com/watch?v=WTqL_giKNHQ,FALSE,TRUE,TRUE,FALSE,FALSE,TRUE,60,10.4,85240,437,98.19
2019,Kia,https://superbowl-ads.com/2020-kia-telluride-give-it-everything/,https://www.youtube.com/watch?v=sS8dkRhDirY,FALSE,FALSE,TRUE,FALSE,FALSE,TRUE,90,15.6,2094,,98.19
2019,Bud Light,https://superbowl-ads.com/2019-bud-light-special-delivery/,https://www.youtube.com/watch?v=2HqHA0MFlkY,TRUE,TRUE,FALSE,FALSE,TRUE,FALSE,60,10.4,38590,89,98.19
2019,Kia,https://superbowl-ads.com/2019-kia-the-great-unknowns-what-if/,https://www.youtube.com/watch?v=nONhop0Kq-E,FALSE,FALSE,TRUE,FALSE,FALSE,FALSE,30,5.2,605,2,98.19
2019,Bud Light,https://superbowl-ads.com/2019-bud-light-trojan-horse-occupants/,https://www.youtube.com/watch?v=nScg3KmA_6k,TRUE,TRUE,FALSE,FALSE,FALSE,FALSE,15,2.6,222,3,98.19
2019,Bud Light,https://superbowl-ads.com/2019-bud-light-game-of-thrones-joust/,https://www.youtube.com/watch?v=8fhOItB0zUM,TRUE,TRUE,FALSE,FALSE,TRUE,TRUE,60,10.4,7678655,94000,98.19
2020,Bud Light,https://superbowl-ads.com/2020-bud-light-seltzer-inside-posts-brain/,https://www.youtube.com/watch?v=nbbp0VW7z8w,TRUE,TRUE,FALSE,TRUE,TRUE,FALSE,60,11.2,76790,998,100.45
2020,Toyota,https://superbowl-ads.com/2020-toyota-go-places-with-cobie-smulders/,https://www.youtube.com/watch?v=f34Ji70u3nk,TRUE,TRUE,FALSE,TRUE,TRUE,TRUE,60,11.2,27694,138,100.45
2020,Coca-Cola,https://superbowl-ads.com/2020-coca-cola-energy-show-up/,https://www.youtube.com/watch?v=-gAZRN3SCBw,TRUE,FALSE,FALSE,TRUE,FALSE,TRUE,60,11.2,309037,1400,100.45
2020,Kia,https://superbowl-ads.com/2020-kia-tough-never-quits/,https://www.youtube.com/watch?v=lMs79UXam9A,FALSE,FALSE,FALSE,TRUE,FALSE,FALSE,60,11.2,25604,111,100.45
2020,Hyundai,https://superbowl-ads.com/2020-hyundai-smaht-pahk/,https://www.youtube.com/watch?v=WBvkmWDjsYc,TRUE,TRUE,FALSE,TRUE,FALSE,TRUE,60,11.2,198025,2000,100.45
2020,Budweiser,https://superbowl-ads.com/2020-budweiser-typical-american/,https://www.youtube.com/watch?v=J0xugdotpp8,FALSE,TRUE,TRUE,TRUE,TRUE,FALSE,60,11.2,1760,12,100.45
2020,NFL,https://superbowl-ads.com/2020-nfl-next-100/,https://www.youtube.com/watch?v=lbkafMhmvMo,FALSE,FALSE,TRUE,TRUE,FALSE,FALSE,170,31.73,33318675,202000,100.45
2020,Doritos,https://superbowl-ads.com/2020-doritos-the-cool-ranch-with-lil-nas-x-and-sam-elliott/,https://www.youtube.com/watch?v=6xVnq31Vk8Y,TRUE,TRUE,FALSE,TRUE,TRUE,TRUE,60,11.2,2137823,11000,100.45
2020,Pepsi,https://superbowl-ads.com/2020-pepsi-zero-sugar-done-right/,https://www.youtube.com/watch?v=Ozb_fJB_z6o,FALSE,TRUE,FALSE,TRUE,FALSE,FALSE,30,5.6,34221,155,100.45
2021,E-Trade,https://www.superbowl-ads.com/2021-etrade-workout/,https://www.youtube.com/watch?v=QagQxo4IZx8,TRUE,FALSE,FALSE,TRUE,FALSE,FALSE,30,5.5,177,6,91.63
2021,Toyota,https://www.superbowl-ads.com/2021-toyota-jessica-longs-story-upstream/,https://www.youtube.com/watch?v=fqWG5_7nwyk&t=1s,FALSE,FALSE,TRUE,FALSE,FALSE,FALSE,60,11,1399700,12000,91.63
2021,Bud Light,https://www.superbowl-ads.com/2021-bud-light-legends/,https://www.youtube.com/watch?v=IOjsm02SVF4,TRUE,TRUE,FALSE,TRUE,TRUE,FALSE,60,11,4250,33,91.63
2021,Doritos,https://www.superbowl-ads.com/2021-doritos-3d-flat-matthew/,https://www.youtube.com/watch?v=BLuqtTn4610&t=9s,TRUE,FALSE,FALSE,TRUE,TRUE,TRUE,60,11,21546933,20000,91.63
2021,Bud Light,https://www.superbowl-ads.com/2021-bud-light-last-years-lemons/,https://www.youtube.com/watch?v=g6CVKs77X74,TRUE,TRUE,FALSE,FALSE,TRUE,FALSE,60,11,5140823,2900,91.63
